"Node Id","Last Seen","Host","Port","Country","Client","Type","OS"
bbc54981af8490c4ef4092c79de94f8a094d92dba1d71850899858ebb573424574b57866e312af18e72b32c95ce13c808512a6e4e6e466287f6a584cecb14be3,May-15-2023 12:07:12 AM +UTC,18.206.95.197,32002,United States,bor,go1.19.5,linux-amd64
1aa78a26701e3ee2332ece8a4fcce604cd39bd078b54bf660e02b9b8becd0d9e0626385ddc5d2f3240ef52439ccd4817b8ddeef34174668b2e76dfe954c94b44,May-15-2023 12:42:17 AM +UTC,208.115.203.82,30303,United States,bor,go1.19.7,linux-amd64
afa14da04a63eb3cefa8dc610983c56390daca58cbef998ec3b7953557ce11586137f9de2bad3262b46561598f396a18fc2a5928cf287a8a704c574c3560bf74,May-15-2023 01:34:15 AM +UTC,216.245.219.94,30303,United States,bor,go1.19.7,linux-amd64
645ec1adcf98e21014bb2319915e038b5d9217ae87b0db81ac21973086a9c94b9486bf9c94e562159f505b9fffc42471114ece712b765310cbd1ceba3ee328d5,May-15-2023 03:26:06 AM +UTC,150.136.162.54,30303,United States,bor,go1.19.7,linux-amd64
6b29ff214d2f7f9fe431baaab6a4212e59549e97b65765f6bcb7271f7ab97618c9fe70cacb4fd573a782170a0f8e0ab3c08f7df67805c402915860491d1ccdc7,May-15-2023 03:30:59 AM +UTC,15.235.51.30,30303,United States,bor,go1.20.3,linux-amd64
8550abbc6543ab6e610c8259b158343d4ff8d1a67614de2c1c9a95e016efbdfced74b487e9eff3724fad0c882f4abf279133301e2f56791e8b9e64a17a82e81d,May-15-2023 03:34:44 AM +UTC,51.222.249.133,40304,France,bor,go1.19.1,linux-amd64
6228538ba5f0028bf1523bffc1cd4933118a34a2c7d5f7446fb351f8d77cfdd121bc79170fd7a8049a6b5bb42b8b484518440f29e803975a667994a4d787106b,May-15-2023 05:16:45 AM +UTC,198.199.76.152,30303,United States,bor,go1.20.4,linux-amd64
e4fc4e78d793c1d0a09de10378aee0f6bba40a18b6a0eb5a9e69f1c8b2433b9b3999db7b37b7833a638ca075860d1e50072488521b624f09a74a1a02fcc43cfb,May-15-2023 05:55:41 AM +UTC,54.243.143.141,30303,United States,bor,go1.19.7,linux-amd64
da462ef5368911fafe2954e80a9e9b867c4ddc3fb02c9b6915c97c4c047c5e2ce017276c18c59bf65df6cc49d1eb923b51d20b033f76dfe1fe33d08c2d1cac1d,May-15-2023 06:08:39 AM +UTC,129.153.5.68,30303,United States,bor,go1.19.7,linux-amd64
52e8aa22bceca2f391af612050e1ee2703830269bfb1c9084695eca7fc52e798f9cf7c73d2a7d6397fad4f79330d5dbab297672e093c301c82fae071d105eba6,May-15-2023 07:28:52 AM +UTC,141.148.29.3,30303,Switzerland,bor,go1.19.7,linux-amd64
e2de72a2908bd2969ff370c2f3b9206a38b3270d99ec44071d694bfdbf86162f1e8f0992557a44659a3abb33a4cbb9aadd59bf9902764d980d9c34704fb19fa0,May-15-2023 09:23:40 AM +UTC,74.118.143.44,30303,United States,bor,go1.19.1,linux-amd64
4ffdeaf1ce451c9d1d654101602a110cc9b1416c2daf7a1556d9c63a719afff5409fe0dd04d0e97e9f95f1e339fbd8bbd295cc3f25ce7a5c7834b4a78f2a816f,May-15-2023 10:15:42 AM +UTC,18.143.167.11,30303,Singapore,bor,go1.19.4,linux-amd64
21befde4306d3e09e11a744a3ff16f5aea2c3e90093cc6c3b11f1b38056d32acd5c0a9f54b2e82a3eacbb1cd5b63a66485efeb5902e90b91b5b7353333f653b9,May-15-2023 11:20:02 AM +UTC,195.201.84.180,30303,Germany,bor,go1.19.1,linux-amd64
52e88e76b2b7bd869574f86d7098c053e6f1ee4b43f8ed96b570d07455dd2d86b6b091b3face110daa065e25ba93de83b475e655f065a1d9ec0ac990a339bdfa,May-15-2023 11:20:30 AM +UTC,18.209.166.13,30303,United States,bor,go1.19.1,linux-amd64
72613bc9c0497ba58d8521a70f7e827222fb7e6851bb1e8757fe1a42123a6f50d60aa20a026038753fede8cdb00c004c1ed4049b4e54186109335995a2ce1591,May-15-2023 11:39:00 AM +UTC,15.235.43.176,30303,United States,bor,go1.20.3,linux-amd64
892fe9a3e738c8b11a0730fbf21df4bc088367bf1f3ba8bb6c7811873398f2502a0219e7ec00ef772bd36f720e944163d0b679144c96439b51261512f428812e,May-15-2023 12:04:30 PM +UTC,144.24.160.67,30303,United Kingdom,bor,go1.19.7,linux-amd64
cfe9608a3150692dbc4664401081dd7502040247327cb5b9dcc578d3d6d4ace7ce551c24115d81e96b36bff79938877a758eeaf88a899fd18a63dcf665f2aa6e,May-15-2023 01:17:38 PM +UTC,178.63.32.173,30304,Germany,bor,go1.19.5,linux-amd64
f1a39e0921d4f50f43940c0f5e8d86e0d9c7cb11cf99d12535bdbe77dd99de34d3591536bfb651986191baa03f467de15a5beda96cc3e31d54c63eb240b53ef0,May-15-2023 01:24:50 PM +UTC,65.21.136.102,30503,United States,bor,go1.19.5,linux-amd64
175b6cbd8cd9e28e6629312659c0c10c8795434fc455d8de3592e93bf62359a2700f79d14410a8cf688a0949db64058e658907d09bcafde513b805f50971a498,May-15-2023 01:26:56 PM +UTC,159.203.9.164,30303,Canada,bor,go1.19.6,linux-amd64
8b13da02f3a1d70795ef16bdf9cb8b58ea80a6eab53964b02021c4f5288b7813c3651e0ac1138e4ad5a39fc68f95bd33ce14cf81b6fe46ae98b434c23ca1b9cd,May-15-2023 01:36:31 PM +UTC,63.251.87.37,20210,United States,bor,go1.19.3,linux-amd64
0211c56ab0be497af190408efa98f66f2ee1c930bc182a60be9527550cde390d163af4e2395ac439783c9e730b85c33b1ad4226ed2f6fcaf596b940938cadb57,May-15-2023 03:25:38 PM +UTC,129.158.220.38,30303,United States,bor,go1.19.7,linux-amd64
8bf8add21779283b5f1c951c6fa1a33059da8deb0c9fae2b31656908928463c50aa1a2c4d7df275a74fd6c05e3399da007ca8e29882d239b0d8004e946411147,May-15-2023 03:48:39 PM +UTC,74.118.136.202,30303,United States,bor,go1.19.1,linux-amd64
e70b39d8ea87c1a4bedd17c8fa9a9726470801951b3ec52c9a268fce01bdd0db253f6a80ade4e863fd3a78e880cf7987d6e166b6d607825565e149c463627f66,May-15-2023 04:23:37 PM +UTC,3.81.80.158,30303,United States,bor,go1.19.1,linux-amd64
09334959ee8355be3e94d7b20355d96f36188c325ecee9d041cec07755d21416613dd95ac35d66f18d0d5c82853739f66b577eb7a8fcb15aa294049ad10c6dc2,May-15-2023 05:23:03 PM +UTC,3.237.70.159,30303,United States,bor,go1.19.1,linux-amd64
8ad69d6916d2bbc5d15c95df36982de63e62b52663239294e39ab221264ff3bae1b89854d6a29cf656183ec70cf42b2470f2819c82bba8e7de1f0efff25f12b6,May-15-2023 05:24:28 PM +UTC,129.158.202.154,30303,United States,bor,go1.19.7,linux-amd64
4c22efa5ec6fd2bdfd630bbe40ea0f2fc8229d6fe89ffd0f9fd751daec4692798d5acacffadd9af13b29a088428baf2ffcc3f09d061c8da218eb9d156304e097,May-15-2023 05:32:01 PM +UTC,74.118.136.75,30303,United States,erigon,go1.20.1,linux-amd64
08d98ab62e685a6f5ebf488c836adfcda2bb03f9ecdb9dcb35502d0cda96a77f33cbf0e4cadbf1a41c079655a39da59f55d9204ea43fdbc6301e5687326b1451,May-15-2023 05:45:02 PM +UTC,195.201.84.189,30303,Germany,bor,go1.19.1,linux-amd64
ed8f3ce71a13d59a169b18364f0b6dccafa9da4e6b18dc3aab5e7239ceaa193a97887f1427298fa6f84da4bd21e694dfe51412dbc8e54ae7119f5edaf937128d,May-15-2023 06:51:37 PM +UTC,161.129.71.25,30303,United States,erigon,go1.20.2,linux-amd64
3c424a8ac7299356c5bb10fad410bcc9ad6d06499a28f9eb3aba312848c9f92427b1b055c814ac9627e2e1d3a96c4b8ccb18bfa6774ee4841bf8ac10b8ca224b,May-15-2023 06:57:12 PM +UTC,49.0.80.85,31003,Thailand,bor,go1.20.4,linux-amd64
a115c256b3502ec6fb24aeb5f4d3a0cde29d63a75095095692655aca684f76d93d6705306f02548c6238728700bc53ffaea7274ba1636eeda22c294a6cc1cab0,May-15-2023 07:24:22 PM +UTC,208.115.203.78,30303,United States,bor,go1.19.7,linux-amd64
d827cc34e29bba879ddb61656bcaa175072991724dcfd7be27e6e3597733918c9e1c72ee21d82ca522abffc320d6327d5a46cfd2508c90ac416c4261b7da3dd9,May-16-2023 12:35:25 AM +UTC,135.125.160.218,30303,United States,bor,go1.19.7,linux-amd64
d2ededfe157d800eb9f08cbbbb404a0613dc35f4988fa7f6729a31ae19d28c466985713f8196ca074ba03ead72800375e4ba9930b474dd8eefba0e03ce976b62,May-16-2023 01:27:58 AM +UTC,176.9.53.51,30303,Germany,bor,go1.19,linux-amd64
21789eee3ac39de5290b29a6c34809e3e2e9450e8bf88f02bd500e11dcdaf238ccb8c5fa67b6120f52a43738dc6b13d5048fa3c858891cad647717370544d8f4,May-16-2023 01:57:26 AM +UTC,89.248.192.83,30303,Russia,bor,go1.20.1,linux-amd64
22f8beae2e27368cd96df0eef44d148486edf9e07a5fe775cde8832fb31f28d3db5bdd62c5f023b58dc15451fd710c99c558cb8d450995d4302b2e004929f2c3,May-16-2023 02:58:06 AM +UTC,163.172.253.111,30304,France,bor,go1.19.4,linux-amd64
9deb9926e2ced8f507e413427ffdb8424e8a7f32c3fd541724f5ed97e97c903f6c3597aae2f9f5c5521cd5c93987ada47ae6eff583a9f670cbafd7fa235de60f,May-16-2023 03:26:26 AM +UTC,141.94.138.177,22050,Germany,bor,go1.20.2,linux-amd64
bcaa8db23eb5a4ae7fc9e48e45491d9a7bba086b8eaec0a516b5596027cdec895d87d0bb425bb45478c964a76f2a7046c0bd77715a9f29dcdb7b231c6c1f2b85,May-16-2023 03:30:23 AM +UTC,18.209.93.58,30303,United States,bor,go1.19.1,linux-amd64
fdafdba27d553a1d93131649372faf9837975702219907bd6f522f70f40355a59abdd47245046ef2fca0e76e77191e47fe276a10a56e60d73e63ad83098f155b,May-16-2023 03:45:20 AM +UTC,216.245.219.26,30303,United States,bor,go1.19.7,linux-amd64
d0826ae5c98ea1e2549be281ca7bc1a99eb34c02d9b101be73212b957b2a3ed56e72391ab1a51d452f055efe68464e419d7c56cf153057f387a55b8ce5de4acb,May-16-2023 07:33:24 AM +UTC,13.53.160.124,30303,Sweden,bor,go1.19.7,linux-arm64
59495f42f18c027bededae2e3218b3314433643dc03495a467eba7ce208c2f498c76117ef570a7a3be51e32f292103aae3e2a2dad8239e62ebe7850d3bb85f5d,May-16-2023 11:28:55 AM +UTC,35.161.197.51,30303,United States,bor,go1.19,linux-arm64
550d9c47fbaa0c4b050b982796605266b41c40d0192cf319615c20e9c501a3010455eec94d8821d53e286e9bfdff0c8ebef53aa68f0d3d1944d2f64f75032fcc,May-16-2023 11:30:25 AM +UTC,3.88.24.55,30303,United States,bor,go1.19.1,linux-amd64
3f3d86b36abd5ff1e70be7c0bb089bacbbac027469c5f5f024cb66fa3cbf550bd1f8af48b6eb4df8dce1402780bf72cdd93ef14bfb5b8d18bd37cd877bbf5f40,May-16-2023 11:44:56 AM +UTC,141.94.139.218,30303,Germany,bor,go1.19.4,linux-amd64
30f393e792cbce7da9f6ae66fa8856eb6f46a9c7d170722a796a70771877fed20228f4880d50aa34346ec980d7c33cb7090ba8e20cd619348a1ea9e890226dad,May-16-2023 11:55:58 AM +UTC,65.21.131.232,30303,United States,bor,go1.19.1,linux-amd64
e1a54dbd2fda0923591dd1b698dd9ef0265be61e3cf170c2c5ee411971a40e7460e39426c6374a262708bf0d1b7afa78f5f4a598de6bc88022ed8ecbaf3c5f7b,May-16-2023 02:39:44 PM +UTC,3.93.53.118,30303,United States,bor,go1.19.1,linux-amd64
5a54babcdf09bb65612cc4e79fa792f15c61c2f3288c5931c4c2174c3e83b99b54a354e947574af8d5078211ab909a6fdf12835a6497cbfd828b53071ea7c59d,May-16-2023 02:48:08 PM +UTC,23.111.148.34,30303,United States,bor,go1.19.4,windows-amd64
6e3d29528a3b69f61facbf8c8d3a431e964a14d4130cb5ce6ccf0622188e5579c803f1356c449ff7dffb0f533f7340aecd1c5f6a4aa3a0401789be1020e52919,May-16-2023 02:56:08 PM +UTC,35.171.84.175,30303,United States,bor,go1.19.5,linux-amd64
15ecf46ddea0dd1cca1e392d94d08ee1b9a7fe7d6a4fcde94ff1a775a268cbb43f35d1306fe9e2ef32298cee3e2f8f5489de3ed25bc2a54dce40e12c8598ffd1,May-16-2023 03:20:04 PM +UTC,64.46.115.14,20210,United States,bor,go1.19.3,linux-amd64
91e1ec46a86d39e8d469bdf335488d672a09fb57b8ead58222a5c55f04eff58b585adc19a8fc038af30ba061781a3eac3217496c43d343f2e99922602958f50a,May-16-2023 03:28:12 PM +UTC,94.130.133.185,30303,Germany,bor,go1.19,linux-amd64
81e3c95ff20499ba9690a4d9d6abe45a61fbe1edd38bcd94e0020027c8a69c08960074942afc1a4682699c2aa7fb227ab360f305dc7e4ec64b5e19b22eaf7469,May-16-2023 07:00:59 PM +UTC,20.89.27.125,30303,United States,erigon,go1.20.1,linux-amd64
62a5c9282c95b8d06699dd1a533b7df5e6a034c070e6168f804160b0fc10572402e10fdf09cce04d3f3708c5837fed3d73f941d70a4db131fd00b8c208afc0b7,May-16-2023 07:27:56 PM +UTC,3.237.94.247,30303,United States,bor,go1.19.1,linux-amd64
2d630cd40947e3357c170355dacb1860cf9743a10b0b361b992ceed354e1d2ba7807a16fc03b1aac7f9c804e0d9d131122c34dc4a428b1ed21fdd2c06de6d828,May-16-2023 07:34:56 PM +UTC,193.122.176.84,30303,United States,bor,go1.19.7,linux-amd64
95e03d329f42e1e6f93ccbd46066729e13b5feb21242afdaf5043d4f6e8b1534d045274421526e033602ced94ed884ebdaf8fd73c9cc398c7421d57847e2967b,May-16-2023 07:56:28 PM +UTC,148.113.8.12,30303,United States,bor,go1.19.7,linux-amd64
41be7b6c97e4b3ee5d4253dfba844e78275a5354cb60f3e2b3488bf55361208469560161d7aaefdee94d095b75557a1cedeebb15a9461780b64004cf429c9982,May-16-2023 09:14:27 PM +UTC,162.55.234.152,30303,United States,bor,go1.19.7,linux-amd64
2367de8dedd41cea48c99dbe0d4e7eb2f76b8f0011b460593c258d4b2a2525912c6879f25b93eb5166327ef928205f5aff28e2446f4421b0765002424dca7768,May-16-2023 09:20:35 PM +UTC,107.6.89.132,20210,United States,bor,go1.19.3,linux-amd64
10a49d7e717201c4fefc60c61f4740cd9cafde84e3229280a7dab8cdd0d501a1587291aa32da2a790974b4cd4e215d5ba61eafbca3b171842ce04e6b7262e865,May-16-2023 09:20:58 PM +UTC,3.90.104.48,30304,United States,bor,go1.19.5,linux-amd64
7360e1cbf6583c1d91f62ce530d2d65089ffb8636abdf14cb66abf1b4a9f346d4679a18dc7449ccdfd1467f729e1ea2fad4ae139d7be0267d97afe2a018489f3,May-16-2023 09:24:32 PM +UTC,129.213.28.26,30303,United States,bor,go1.19.7,linux-amd64
65af273f26e995617519ca17bf451dd27fc5515f753385a6c800c426af85225c5cbf8d279100fd19f784fff2e897a153bd9393eb3945dbb0f3fa2af5455179f5,May-16-2023 11:23:02 PM +UTC,51.89.194.159,30303,France,bor,go1.19.9,linux-amd64
bdcc3674bf20e7271912318abea1e500eb27c1a5f85c68b42c887bd120a2c1482bbb7c27bb6d487276d6bdc59e75677f2e0f322b03acffdb43b1fa5a4eaef691,May-16-2023 11:27:46 PM +UTC,142.132.134.217,30303,Canada,bor,go1.19,linux-amd64
a387f19e3f4d9cb887d1eb10c5cff52af403bbfa3171adee045198992ddd83cf033836901ece91f7836bd620f34231f1aa2ec70d32c8b011ed75d102ad317df2,May-17-2023 12:57:39 AM +UTC,210.207.161.27,30303,South Korea,bor,go1.19.7,linux-amd64
6ed66d168078dfe090d46c5e9d61b57e10605d6784a9943a8b27dee0373262e603bceb0bf7c2068d3e242e59e84b2ef1dd5fcf6f76381c696a0a1fe3174a0935,May-17-2023 01:20:42 AM +UTC,35.175.117.124,30303,United States,bor,go1.19.1,linux-amd64
30e5176fa2795c58839e3cbedc769a82d63f1e9a51f756f41c993dcf499cc43aba4824410f90603f0fca235ccd3539ce4732aa3e49d409554292dffc18028307,May-17-2023 01:20:46 AM +UTC,142.132.207.112,30303,Canada,bor,go1.19.5,linux-amd64
651766dca8bb054ba4ffd19c19cd082ed8757d10f5c221545a367072243dde854b481b4e8c2e444d052088871485fa41cb1120e938ad9d36758ba2fcbab13c75,May-17-2023 01:21:16 AM +UTC,18.183.95.47,30303,United States,bor,go1.19.5,linux-amd64
25e5b6e8421c8caf92dc18b74e7947170e94c2a9622276a9bc0ec5ad981a8f8bcdc2f9ad465ac5bfbd1ca90fc38d1130ec67e39ff97006321bce644889bdc3a0,May-17-2023 02:45:51 AM +UTC,31.172.68.146,30303,Germany,bor,go1.19.1,linux-amd64
b68b917375ee6ce3223c702010bb5e207b12e83b40f9f4b4e18f8710cef10d237c593947356c2fdbbf7c0b6f6e924b9194763715b25d15553cc145892537086d,May-17-2023 03:31:44 AM +UTC,65.108.110.254,30303,United States,bor,go1.19.4,linux-amd64
8cfc1cc848066310750f21cf39b6a09ccefd1e79d0253658750da24983867082d63f6570691a30ba9ee688605a4871e93d9b366a808b952d61aecce16f9c7d94,May-17-2023 04:18:49 AM +UTC,176.103.222.104,30303,Republic of Serbia,bor,go1.19,linux-amd64
5b5aaaf9aa516b3533749a7c790d6e0d501777d92e47928f3e2e7e7e493048af614084025e279da919a2676d1e6c072ef4d6a2e9b34b8016747a24eb8eb9666a,May-17-2023 04:19:53 AM +UTC,208.115.203.70,30303,United States,bor,go1.19.7,linux-amd64
29003e8fc7e7bee6ee3ae10bc50cbe7bba412a8d52293ae14a2d99bc861a20e6bfb7202163bb971f88eae7e46211d9cabcf5c614d0e21de9568322bf47dca5e0,May-17-2023 04:36:33 AM +UTC,162.55.101.162,30303,United States,bor,go1.20.1,linux-amd64
083431f8b0c469f4318d4abe08681193285f9f69b473aa1f5edd5fdcd98755aeb80cac3970e5ad24f56e33b24a74e2afd2e694f325d2131ef418d987f890f6b4,May-17-2023 05:41:21 AM +UTC,129.150.40.220,30303,United States,bor,go1.19.7,linux-amd64
7861424e99a9fc3df17569314f9ea0252d2e2001b169fffb673d85d97e55667eaf9e4a528e57f77d85cf9900f37c7ad7be85360606abba750e8d0b7326d92630,May-17-2023 07:16:05 AM +UTC,51.79.229.113,30303,Canada,bor,go1.19.7,linux-amd64
5bd3993888d90c1750282ffae85beb87f008f6a06d6960bdc9e6b16477e7e44d8e82cc41c7408016607b8349527a099a7902b7078783fd07661a4727c506012f,May-17-2023 09:35:39 AM +UTC,168.119.39.250,30603,United States,bor,go1.19.3,linux-amd64
c1c96a0f57df25beec0631b41ab814d1b2125c8d87108b624e00e42f2a21c95f7600b01e0f419456498ef5d9be0b8861f150424180a95def0a941b82bbea7997,May-17-2023 11:30:27 AM +UTC,54.197.47.138,30303,United States,bor,go1.19.4,linux-arm64
f658ad932ba6e1f3c09e1a74bcfbeaf94680764eebbcfdcd7d13e2f8f83f6e75fb64449ebef34d600b797ad137adb3bd55ca7558f42f77585f4fb0f9c9e50842,May-17-2023 12:18:04 PM +UTC,132.145.241.108,30303,Germany,bor,go1.19.7,linux-amd64
b1d9846aa83ecb973bc69a4bfba2c64dcb9614616bb007832fae344dc1253e8c3756ab44fffee077b156e6a00d4319fca777788709f6d56959c1556880896665,May-17-2023 01:36:42 PM +UTC,130.61.114.68,30303,Germany,bor,go1.19.7,linux-amd64
fb016613f180791001b35433188803c6eeea52dd48fb648bcd13ea7d6fd59b33e6b4cdfc9cd19088c20d065206732ca85a4c5a432fa2bec6e6139002833241c2,May-17-2023 01:43:58 PM +UTC,3.221.158.186,30303,United States,bor,go1.19.1,linux-amd64
e053e70e6d15a1394078cd9daaed298c11608ecb5b28f693169e4368fda72773ddde4d94eaaee83f24642d425e3d39fd33512296821af40de4694a2cea4571a4,May-17-2023 01:53:41 PM +UTC,208.115.203.102,30303,United States,bor,go1.19.7,linux-amd64
e919f904db98ed9f8a381b5eb4cc557bacf5d6efa514d79bb7c02ba08a16ca0b0cae320969dca35927abf07f9690a6065335434ce708f7eb02f150b0648eccb6,May-17-2023 02:17:10 PM +UTC,45.132.245.61,30303,Germany,bor,go1.19.9,linux-amd64
efd67dd4d7a4ef358b88c4815da4bca325d6aad046927adfd98e42e4c6bf66a0424c10e97419bcf4bedadf6819a4361fc7f870b7fa25e3c8a544030feba5e1cd,May-17-2023 02:58:31 PM +UTC,109.235.247.123,30303,Estonia,erigon,go1.19.4,linux-amd64
9ef1790198ee1f3d5c9c4df31273050335f4377c2b50c2892209b94edce6c63251f971c0e3e69bad2f461ee19c430d0fe8ef49c1948c325369dbc9466a93a319,May-17-2023 02:58:48 PM +UTC,65.19.131.55,7332,United States,bor,go1.19.7,linux-amd64
f9f0f71b91f8527fd8da8c9506567526afc17d38c5e732abfd8481e798c347543cd7558a41764f0fc5d2e4823c358fa46c9b40db5924b5e11d9dc08ff7c9e86a,May-17-2023 05:31:07 PM +UTC,142.132.136.31,30833,Canada,erigon,go1.20.3,linux-amd64
c88412325fc8a3022aa41c13eb123c680c9b34358fbad3dfa6d23a1435d5331839c98891bf505aadb19ba0da4bc1602240ee528d2593a9a40026d0f731e1f184,May-17-2023 05:37:09 PM +UTC,63.251.232.253,20210,United States,bor,go1.19.3,linux-amd64
31b07ba8e084c12a46df47661e6166484de25c27a7ddb709e1388a943c169b969c1e5b40bb011bca647af5cb51e5790f7f5a2c128c0b7a1f7ab962e73a6d32e1,May-17-2023 05:49:05 PM +UTC,83.202.248.72,30303,France,bor,go1.19.7,linux-amd64
a13724d6d3a1b096e3169abb053f7e163827c52dab5ac433eed0f7a1a2a584dc0067e31bcd9861c1af4b92614e45e02a2541ea357410e143f6cb9c1ca3d09ac2,May-17-2023 05:57:33 PM +UTC,61.185.225.22,20303,China,bor,go1.18.1,linux-amd64
11b15e966b55b0fa0b7adc255ed0c4e9e9e801994ccef26603d15401b7cdfc93a8e591496a7044a420ae85e62dae879259aed028cb99a9bf0ef1f5873015ed4d,May-17-2023 06:11:58 PM +UTC,8.218.121.116,30303,Singapore,erigon,go1.20.2,linux-amd64
d4eef8c193dcb9a43bf54bbd2a0d57a344a5b2f027a599dad1884d4945e5fd2b4396e701ffc6b5b09c6594bdd3c0e33cb27ecb7cad0a94ddd6eb0324da4f7e37,May-17-2023 06:15:25 PM +UTC,47.216.34.235,30319,United States,erigon,go1.19.3,linux-amd64
ad051078592bb569c1a3b3e607ea2a27dae83fdae92e3d6b5436f03026993709782ca5a8bca13a8b0be60bd400c3b1a5e073978202e406f9b52bd0c22efd63ef,May-17-2023 06:23:31 PM +UTC,65.109.99.44,30303,United States,bor,go1.19.7,linux-amd64
044ff204c65dab218f3f7d14d5347217e8fd5bcf268ec668429749e2931bafbedf932b1bc3e726731e4e0e2e9734504574475cb545d06441503071ec61d7583b,May-17-2023 06:31:03 PM +UTC,209.195.12.131,30313,United States,erigon,go1.20.2,linux-amd64
704f6440235269fa26fe8c77c020d52a600d7505f67b25cc15a56b2f8da8a070e0979710fd7e99e5c9a04700d93c7c560d679fb65f1e5b0ac9ef77b3efa6e8fd,May-17-2023 06:44:48 PM +UTC,74.118.136.75,30303,United States,erigon,go1.20.1,linux-amd64
bd82de9c956f593080c745770b74ea7c3e950bceae14526f2d879715e6fb4b322379606504518704339a4af4d2ac144cdc0d1076201e4cf13550a249b2a8802f,May-17-2023 06:59:56 PM +UTC,212.95.49.139,30303,Poland,bor,go1.19.3,linux-amd64
2be13b5a84f7eb6c7780b26e5b1d5a3e4d7cf1f86b4628e924b82af8c283cea0e27c9f278a3344fcb4724499c5ef69f35f7161d5da048fe1a44ef3879ccb90ef,May-17-2023 07:00:16 PM +UTC,148.251.120.94,21290,Germany,erigon,go1.20,linux-amd64
3a72f840eba6a163675b90508625b8af6dd323293846e931187c91f84b090c730e7efa2af499b2f6a9216ed664d5bdd47bf5053c8de829d9f7e809f68859e285,May-17-2023 07:22:07 PM +UTC,63.251.87.35,20210,United States,bor,go1.19.3,linux-amd64
5cfa9e4728d2523ddeafe5484be82d1829020b6a51d91cf40223bbd17e26681a6a318d7fb9a40ad00c4ad1bd4e761ad68bf7831a823f55afda66732813f2f206,May-17-2023 07:25:23 PM +UTC,129.213.111.173,30303,United States,bor,go1.19.7,linux-amd64
ecd613cec5f27462f619439ac27d4516637324e236523559986fe6eea80f4ae5deddb3b64538a5aa1fa1075930cf654262e3c58db6ab1a743df5565a7db1dd14,May-17-2023 07:29:54 PM +UTC,3.85.96.67,30303,United States,bor,go1.19.1,linux-amd64
beb8158b00c27fc5f0bf01c413c866004e90f5ac30e0675c38606e3d23eff5a69898feda144c62e68c5fb3503828e25e91286e38db0278244906fcc79bdbaec6,May-17-2023 07:56:20 PM +UTC,76.94.204.43,30303,United States,bor,go1.20.4,linux-amd64
e44c1d8d773e2927c7b772af832fa81b12ef8f808584c2aa135b11d9d841854c53606bc791e953062373cb8f8b913a028abaa2d4c0e8260924054e7ff4f3469c,May-17-2023 08:21:26 PM +UTC,80.232.244.29,30325,Latvia,erigon,go1.19.5,linux-amd64
0da3b5e91a28cc8a9a8fb21d366c04c4f760160d8bd725e910fc86593f5976a723bbe7de67c0befc2adcafa1bd719b7128300d107d8e9ad0217959512805501c,May-17-2023 08:48:33 PM +UTC,18.204.35.50,30303,United States,bor,go1.19.1,linux-amd64
57de35613fc40a072824bf8a47061939d3b73341fe13ae00df2af2f30b42b9a8a045645eda9f4b7827a3832aa202c1f9e4e9b81aaad9023af16ccf6b1bf4f56b,May-17-2023 09:17:33 PM +UTC,87.236.197.186,30305,Czech Republic,bor,go1.19.6,linux-amd64
10c605f1176274c5696316ce56563f3192a9689148e2a63f4e52beb899f44d80296b69bbc5feaccb726148b084d313243154f00b3e1b217ee9eecfdbea2ae66a,May-17-2023 09:29:59 PM +UTC,161.129.71.9,30303,United States,bor,go1.19.5,linux-amd64
f23c80117851e318d4007798ce7773e179a873ae5068776bce1e156e434104f8f088e6ca862a812c61f7f0cd870cb6e79ecc32e4e8fb16004c41c290e4ba2480,May-17-2023 09:33:46 PM +UTC,34.229.114.65,30303,United States,bor,go1.19.1,linux-amd64
e8ac3e6b84e80e30391b81355a87e0e7111b5524c4cc88a5968fef255f526fae5956939db33fa9b3f738aec3c79b8bdd2666408ed9bed6fc1ee4638ec8fada90,May-17-2023 09:42:44 PM +UTC,130.61.151.140,30303,Germany,erigon,go1.20.1,linux-amd64
5661c528dc9f0d88d82a18a4738795359b07dcd452e9cb5264caefc9ac571dc5f98b049ce2827915c1c741e3c9b1bfc15bd4f7906381e5a69fd2eb26566d1633,May-17-2023 09:45:12 PM +UTC,162.19.136.25,30021,United States,bor,go1.19.1,linux-amd64
f391ff1470952e6a93deba5723b7638c3d35a7aef469cf6099781dc4e844b2a9f142fac4d73711df553f4544de3ce8225d42065f04424fd4584c73a0f3ac7c68,May-17-2023 09:56:09 PM +UTC,65.21.76.58,30303,United States,bor,go1.19.7,linux-amd64
6330918b093f17ba57aa77125578e85cd6f44f7c1fc26690bc9ec94a8fb2ed8218ceabaac70e48040c3e84ccba4a138fab13b72d458a1a0536c48d66ed6b1800,May-17-2023 10:18:46 PM +UTC,192.64.81.114,31290,United States,bor,go1.19.9,linux-amd64
510c8d978641338a27b9617a24600ec8c71948ef19022b4c59241be42f4067e10159237c229e2e261b02e49c15df8e179107f1fcd0535c80974537f8ac6202c2,May-17-2023 10:19:49 PM +UTC,23.111.180.82,30303,United States,bor,go1.19.4,windows-amd64
e6cfefa868bee7138acadbfccb0a21ebaad8fd583a9ded388545b4178c0fa9b4faa33c3c288df0cac5ec7531af2af9574b59a1443eda68065637697c8a2745dd,May-17-2023 10:31:21 PM +UTC,54.196.231.206,30303,United States,bor,go1.19.5,linux-amd64
5d6f81eddbfc89e37dce615a91663d899e0f0961de9f33f13707b795ba16edcc616db88889023c7130abd0681235f4a845902e2bead0875e45289627a3e8313a,May-17-2023 10:51:23 PM +UTC,130.61.119.182,30303,Germany,bor,go1.19.7,linux-amd64
c5c3bea9d7727eac216cb62f6a0340e2dbab4cefaa695cfeaaff880272a3bbabc32cd69f31d4109d3c6d519870aa78909bc72803a0cd0d3616970b446fbcd55f,May-17-2023 11:08:28 PM +UTC,65.108.128.51,30303,United States,bor,go1.20.4,linux-amd64
0a754459032d34df969f2c62258a31eb4a0ccc4fd5f3e3e071ab2e7163612feb63186c30b7664e8d2ca393248b472eb453425b4927241949b26fab35a21c5027,May-17-2023 11:31:11 PM +UTC,69.4.239.12,31410,United States,erigon,go1.19.3,linux-amd64
73c7b5e719c4c66b8ec4bcdb8c1f6ce86a41607d565f6c7032741afcd6402c3254fca88adf129cab4a9d05a23bfdca26d1600c512a28d7e7a8756648666d43ed,May-17-2023 11:40:28 PM +UTC,51.222.248.55,30304,France,erigon,go1.20.3,linux-amd64
0cf461981abc50def9eaa3ac1e71fc46554f5415e5d46af5fd4239266262968b3c21c9f4ad0a1854ef4eb1bbb91a62244fcc918bf52500c06e728c478f7ab14b,May-17-2023 11:48:14 PM +UTC,44.193.17.182,30303,United States,bor,go1.19.1,linux-amd64
c778100cd344949808c9c1a4ca7c4f7422423947ab4f465b728ce27d14f3cbe30036de7b6264cb063fa84623ab49951347c742d2667cda10b62e88b2b2f18c48,May-18-2023 12:11:58 AM +UTC,207.148.29.168,30303,United States,bor,go1.20.4,linux-amd64
f210d443af9eaba5036fe5cdaf54c150f2a945dcb96e252f240f0d27f2832a25ac38631eb27f781d145e13714d82878d3b7f01a6fda66d58fd7a5af86d10a955,May-18-2023 12:43:56 AM +UTC,51.195.234.154,31303,France,erigon,go1.20.1,linux-amd64
8fb412734b80e699765c37625f06764069595b9c69134268cf67e0f417e7dc495a9c502357cca664728bfbe558eea5c8f14fa78f1b82d56842d95b7a40cb86e0,May-18-2023 01:07:19 AM +UTC,52.78.138.169,30303,South Korea,erigon,go1.18.1,linux-amd64
69e559fefbf20156267b66e2af9a7c475841260244f8b5804462332f6edde979f7e09bfad9f5a5659f27997957c7e55a6cc0850a35a2351561969bf804dac572,May-18-2023 01:20:48 AM +UTC,193.35.56.168,30303,United Kingdom,bor,go1.19.4,linux-amd64
fbd974a0bd7f7231f751f5f771597f2123a7c64c0996572bea171bb4f2379f4f7f57873a9f842c2276d0c6ce06f5e0512457fff1cbb3e5d32fa6a1425305612c,May-18-2023 01:21:20 AM +UTC,148.113.8.137,30303,United States,bor,go1.19.1,linux-amd64
09966b194c30272124e5c45cf0ff0ae1b5e0ee85769e8715e554022d6fc72ff6dad19ad073b1d8375812a65eca7f0944afd1c6af39b5948fd6f3a4035f199330,May-18-2023 01:23:42 AM +UTC,144.76.84.133,30303,Germany,bor,go1.20.2,linux-amd64
601a851f9b3bb0fc5e47c1a850a03073dd4a2608dba8f274832ddb76fdeaac16375b4963fac4be925cd8c9b85d8b6a732f4533ab3e136bfefc01e23923cfe0ae,May-18-2023 01:23:46 AM +UTC,208.115.203.66,30303,United States,bor,go1.19.7,linux-amd64
ee9153b66914f0fd4533031f6d37e381dc555b3db8675bebebfd2d5a7fb2888e8bd07bf5ca60114167adccb7547e4e971977d3debf12dece899779edff5b4a69,May-18-2023 01:25:41 AM +UTC,176.9.41.115,30303,Germany,bor,go1.20.2,linux-amd64
9200ba1733fa5d147595f54d5c1d84e122b522fa67edd93e17a67bbe68d5d4b9697a545db436d16efdae65bbb7116c67826a14785e26ab80da25bbd87e326981,May-18-2023 01:26:41 AM +UTC,3.143.17.2,30303,United States,bor,go1.20,linux-amd64
e394064328ce5a07e461ccaeb579c470f2b85682fbe0d79f47e0a7524d32f8f1052aa210cd87234133d9d94c41d905330f3cd4f75385a1ea110c288724146bfc,May-18-2023 01:30:22 AM +UTC,74.118.136.77,30303,United States,erigon,go1.20.1,linux-amd64
9947c21310cffbc60b4db571a2d88b4483f24bf6d5baefa6c2fc86112a5717cec57e7deab539958144c212e36dda6434bd2813f4f817c42baeacb0931a630fd3,May-18-2023 01:35:41 AM +UTC,121.207.252.100,31476,China,erigon,go1.19.3,linux-amd64
e48268477fceef7630a85328457726014ac4a1034dc2eb6250dfa768b214078531f9d6069d7f101a8a71fe0a9698cda4f427024d8a80a7a7e54b17db4bf3036a,May-18-2023 01:45:47 AM +UTC,152.70.127.7,30303,United States,erigon,go1.20.4,linux-amd64
0eeaf26fe9e654e9eedc4f45e2698b73f44e12fafa9287a95ddfc20988b29d66d5251b14884d4429c3335a6b004af0753b45762ab8828da9efba78aff665503e,May-18-2023 01:50:17 AM +UTC,116.202.232.190,30304,Germany,bor,go1.20.3,linux-amd64
ff341f6684f7546c64ef409d85785c4e7b09741f83b1990c8da4eb66e21f28e3a4f11aca6bd8378f497a30abf834cf28ba552e02090deb4d796f0a5071fee118,May-18-2023 01:53:53 AM +UTC,162.55.97.198,21290,United States,erigon,go1.20,linux-amd64
40251bbb1f2863762c1d7e2ede9d7f5103bfe3dc7c14eaec956fe1fd9687701e569af409029960e1bd5fd19bd688f1e9a250ad7ad1920ac59907a1ceca9c9b2f,May-18-2023 02:07:15 AM +UTC,63.251.87.37,20210,United States,bor,go1.19.3,linux-amd64
b12f6d10161b0405668d896208b8180b5192d708e68249d2a84423c1430c355e306c214f9e50fc720c0a08d13683953589312f63a680ce09dd6f9dd6db22709a,May-18-2023 02:42:40 AM +UTC,45.77.129.65,30303,Japan,bor,go1.19.6,linux-amd64
5078683f367345f3bf2709662c7b9569712088798d7219bc3096f667aa9aec02f54b4c07b1ce0334427841aa81dbca5ce6e8076fd812d9f35feb13dc6a9b095c,May-18-2023 02:50:02 AM +UTC,205.185.120.171,60330,United States,erigon,go1.20.2,linux-amd64
77f2f96f9c27611e79211166c4171a1cc1d841b55773c1764bd60ca960c0888214e4cc6d639bb1fc622eb01fd778deeb6607d1da0fd6c015b96c419be7c94938,May-18-2023 03:12:13 AM +UTC,63.251.234.6,11410,United States,erigon,go1.19.3,linux-amd64
7fc416212268cde9854a2300af1056855fcbbe61a5c6a467711569bcc1884d8b8ec0d2f54d5942f89e745fa45b9cda73ed67ba07cc46650dc807900687e1ee5f,May-18-2023 03:15:10 AM +UTC,35.214.120.163,30303,United States,bor,go1.19.3,linux-amd64
a067dbd5a6c5bfe7a4edffcaa48c46a3a9c0c1e731b2fb1d78ead64b982b57b066b3d4a826e714cbb7a671ee578ccb2e7d8ed06b9bbcb102a76a0707e42efb38,May-18-2023 03:21:39 AM +UTC,45.134.213.204,59678,Turkey,bor,go1.20.3,linux-amd64
00e51aa1e3e94c47cf39bf6191d5fd24d89fb25c7b19aba6cee3933d7171d806abe8daa85a08234dc25530b3d1e686bf547708944266e4d4963c9577b524f869,May-18-2023 03:27:21 AM +UTC,65.108.149.31,30303,United States,,,
816f368bc619d3448c89cab19bfdc645928e05d5abbddd37ccdcf88426f15b141b7e33669f140e4c36730c3978c5c1c6f0ddcf7b453fb91f21a9af7b118fc679,May-18-2023 03:46:47 AM +UTC,208.91.107.166,30303,United States,erigon,go1.20.1,linux-amd64
11fea31c43b96e627738e9dc59de07b8126a65b06fd3629c6583b3594202a08f821ab27e27eac9e05d274bc718ead8f4b95189d18700f47e12c25ee4a02bb00c,May-18-2023 03:57:12 AM +UTC,5.9.106.115,30311,Germany,erigon,go1.18.1,linux-amd64
0d9577beeedcf1c7295986866ffe45a2604ea7a8fe1ad8a09e959762a6a09225a743b3a4fb33951a5871876a4d4dc13a9d7502066bf4e681735ac4a859112187,May-18-2023 04:37:29 AM +UTC,54.195.37.240,30303,Ireland,bor,go1.20.3,linux-amd64
ca201818e8dc432f5a06e1f12dd8d4cc815b22d2c1f53bfc9bfa2f5e111a9d29034a79534b1ce38fcb34a91e0dc08f7ed88e3c88d17f531212d614d6c1c34c2f,May-18-2023 04:54:39 AM +UTC,162.55.84.253,30303,United States,bor,go1.20.2,linux-amd64
2f32a1832e2d006f94c5a782e42162d4d191d9bdeed31d492a8d2714723aa37f84b28162044c9626cc405ae4fb4aba36562eba66e3de68ae6cc506b8ee43797d,May-18-2023 05:11:37 AM +UTC,15.204.8.49,30303,United States,bor,go1.19,linux
cc7c51d8de8590d6dcd89f898bce351afb055103149fb985ffbf1cda937fd4d3f245e4ce8caa7bead60d392035400962806fac65f251516504e7badc3b3277c4,May-18-2023 05:12:47 AM +UTC,45.136.31.71,30304,Germany,bor,go1.19.9,linux-amd64
5ec71d06ea69a8c031dcb9ae5b9ce8c6e7e4802c2624d46288753d839f373be213928b51d9da28370cb13461be396b4092111de584336f18fcfc72992a690086,May-18-2023 05:15:24 AM +UTC,181.215.5.82,30303,United States,bor,go1.19.2,linux-amd64
6589f90b2e3b2c08edfc8e5f8c2d9d39076eb5ec1ca228023eff374f42c3fc9ca2f8ae8357ab6904efa93939fc63dfc4d2fcc4246a539e315981b935f316449b,May-18-2023 05:40:58 AM +UTC,139.180.136.92,30303,Singapore,bor,go1.19,linux-amd64
e77bed0537a332b3d576095b913e5794c4e35c4b71c5f0607ce149798bbcdd164a896eba28b147068cc60a82b1c0e61e41fc78bd58846855e3b4b0aee3c61f2a,May-18-2023 05:44:23 AM +UTC,13.124.214.51,30303,South Korea,bor,go1.19.7,linux-arm64
2fb0dcac78701693a2e6b677b4437ddca485f3ce2839ffce0ea11ef3103a6abfec6eeb13b1528ed0cfc27dc42fb05a1523d975b8e7aebce9257670dbe2906fa0,May-18-2023 05:50:52 AM +UTC,44.214.44.137,30303,United States,bor,go1.19.1,linux-amd64
44230e708ed560570857cd6b6e574593728e8e11cc599f165404be41ee87ac963a7d06adfeabc290a50ef892748742e05a4d9f8e251db882631f08fe90eeb5d6,May-18-2023 06:24:15 AM +UTC,107.6.94.196,31410,United States,erigon,go1.19.3,linux-amd64
60775234edcd533450ceea35d23b7fe56fc1e52fd997f6deb36b00d78d3c36d5c91bad663876b2368740a8472e741105b398cf34f4131dddafa8315264506679,May-18-2023 06:29:21 AM +UTC,199.254.199.213,20210,United States,bor,go1.19.3,linux-amd64
ce0bc93b378a62e46dd2d163aa79fd40ef51e3144bb77e5d3bb3bd65e487bb671f645401bcff1f7d65e58a77cc07e468325ceeddb6dd313ec45f58f64a4ff7fa,May-18-2023 06:36:00 AM +UTC,5.78.91.193,30303,Iran,,,
c997c1f42da0d17fbd1d6d998755a7c62398565d9cabfd1be8efcd59f99811fce342011a9e03f70456d633a6a40f679f30d044a59546c8a65ea74252dc94d329,May-18-2023 06:36:30 AM +UTC,135.125.160.121,30020,United States,bor,go1.19.1,linux-amd64
69c152113e47341f355f4004944c8c7634d6e19c83fbdc73a7b14b26886a65f347fe6d93a4ddc91d01c1c05e9ffaf095827d16987a5484d9431deb136f13127c,May-18-2023 06:37:13 AM +UTC,150.136.103.142,30303,United States,bor,go1.19.7,linux-amd64
b1f4a2740aebfad4fa06784acf03c13a0d7ef7bbc42056998b4fb0385cc508e0b9f8059dcce54fa13eb01f1761b1ca1e832af93c7c2c90f71b3161d4ff435a5a,May-18-2023 06:40:46 AM +UTC,157.90.94.166,30303,United States,bor,go1.19,linux-amd64
d0eda970179532c1c4c06f603cb7bb57cbca87689db89ae87654918d9384d901c7da185c05434b34fd7162123edff89252fd8178d70c39e9dc3cee59388de819,May-18-2023 06:41:13 AM +UTC,107.6.113.181,31410,Singapore,erigon,go1.19.3,linux-amd64
a4eb4bf4cfb464f80a8347bc4575041aa1bae6c3c888fdba4c3c4e704e51a247b455ea8df13bb783e90320adb2e586a8c5546f8e21fdda7e34b64d4c8232e4f7,May-18-2023 06:41:49 AM +UTC,141.94.142.226,30303,Germany,erigon,go1.19.5,linux-amd64
9397baa4dc455d08c6850c623ebfa7a7bc108fd36d414bdc69ac7eb2ca5d27e9a401c9e66ce78d4537336f929c2b147184d7a3ebef586a62f0a64313a899169f,May-18-2023 06:43:32 AM +UTC,3.227.13.44,30303,United States,bor,go1.19.1,linux-amd64
b96da06dcf73e4e70fc95a3e435e16aa05b3e20bfa2ecf4fff511f5af785bee61660876e7f7e1e9058b9de4ad1a77d98e86eaca04649897f0254724f304492e4,May-18-2023 06:46:50 AM +UTC,65.21.233.39,30403,United States,bor,go1.19.7,linux-amd64
24a2f0edd223ab8da4da7073a65868db3a1566524aa35b3aee3532a2925a83abf9c127bf017f43ff9f9d77ae73f8b16123a24679911de649d6ff72501aad8841,May-18-2023 06:47:34 AM +UTC,130.61.119.21,30303,Germany,erigon,go1.20.1,linux-amd64
88ba0412f7bae2716f9db0bf7967c1ab618f74c88a97b14a2b3e2bfa828852513a68f3cc6a7687bcd2cd452bd1cbdf409ca50731ea02c99dabea3e50848fd011,May-18-2023 06:48:22 AM +UTC,209.127.228.122,30500,Canada,erigon,go1.20.2,linux-amd64
009d6885c97547d100e5d96669cf42e95c7fb11ef9e36b17fde6a27e6a837d7743bd5698889bfb565b89fca429906709085656eb847f57472a88ceb6a3af5d2f,May-18-2023 06:57:36 AM +UTC,212.102.36.229,30305,Italy,bor,go1.20.4,linux-amd64
281e68e99c6883cd5338330d564183c6189b24ca0a41895880b6eb5e9a3d362b79ab697b4d1385da73b2e34227ce77328a99b50da50b219d52ca0030132e9bd4,May-18-2023 07:12:16 AM +UTC,204.16.245.181,30405,United States,erigon,go1.18.1,linux-amd64
6866b65cabab127fba0fb3af29de2e97fa8f5a9c636d34c1f8d7539209aa79fa0d62b1ed6ce06cfc639e99550422bdc7f01a98a58b3e82cfe9fa0f67fb0bc46e,May-18-2023 07:25:30 AM +UTC,162.19.136.124,30405,United States,erigon,go1.18.1,linux-amd64
fe65f3e630cbef5fdd35a2796a13cc0722eac5227f363ff9e3ed8a5efdacffa4f786f63cc87b05fe9f1cc7b2f9dc5d76bcbfc15f22e72903925e9f63f10f9bf3,May-18-2023 07:26:30 AM +UTC,185.59.101.231,30303,Germany,bor,go1.18.4,linux-amd64
ff3fcb924a9e7b0d3ed709e59e3b028ec05f39c3df887ab40049350d5fdcf7ae412043a6ad0e054fa96ce45ddb0785dda2db7252f9886971b86af521c82a0f0c,May-18-2023 07:31:09 AM +UTC,192.18.142.218,30303,United States,erigon,go1.20.2,linux-amd64
f8c62f89de58dc2b0f31137777cda7b639818d5f805d77751b607bbf4766917c806e5d1f5dad8adf8279932d22eee46b1c443bc6589dd64f4669080777b900d7,May-18-2023 07:42:51 AM +UTC,148.251.88.249,30303,Germany,erigon,go1.18.3,linux-amd64
f9273ff570b967363236c8ccdf7f0f7ce9355c3e89d236c1918bf741547667744e3ad7adfeeb205b042813b45c5b7e5f980088ab2d16b6f117194140d7ac6099,May-18-2023 07:46:52 AM +UTC,218.235.168.44,30303,South Korea,bor,go1.19.7,linux-amd64
5e801b4895213431e796d88e5b5eba1c9e33e59d718223aa4aa49ce16faafc4455fcdfa83c0d47830f0fd490396770c690643b425e594116df0c62c2e76198d8,May-18-2023 07:53:31 AM +UTC,138.201.59.232,30303,Germany,bor,go1.20.2,linux-amd64
d483f2faab1897d011a74caf636c71b2a3100f79fb6ec2d257daf716757ecb74b7834e532d28cdd91671f0da2dd86f58125ee93a344bcefc6e00fa48cc87861a,May-18-2023 08:00:11 AM +UTC,172.106.167.129,30303,United States,bor,go1.19,linux-amd64
475e64576372d77390aa0c781fe10c6a60b66db6af003c5f6435f340d8fbcd822d5d9fd06677d9cc950e468ebfbdeb5a43272e098aa0fac826580fe1078fec2d,May-18-2023 08:21:32 AM +UTC,130.61.177.34,30303,Germany,erigon,go1.20.1,linux-amd64
293a4c53414a8f2c26bef928733fcabc97959cf0b2235416105a56a7fa046476bc1a975369123d387ef53fd2bd5e7258c63e931f89c07a48efefd109bf24b6cd,May-18-2023 08:28:37 AM +UTC,23.106.52.214,30312,United States,bor,go1.19.1,linux-amd64
3db025c398d8d79766146c55a50087bc593cc54f7303c11c5aee2b9df3adbadcdddab7a3c078a4fd283bc8969b7252a6e0b29bd2376e34b9c0b51ce6d69a8a88,May-18-2023 08:30:52 AM +UTC,178.162.165.71,30303,Netherlands,bor,go1.19.7,linux-amd64
57f699b068c26ab91dfe1b4b364b47a9a1baae572d83bb7ba3472148daa67961df502f108a88562faeecde6c5a67ab39556e7e31dcaa9492ade1b47366438bc8,May-18-2023 08:33:57 AM +UTC,5.161.191.150,30303,Germany,,,
b5a7b4dea16d6ea15c4d3c32fe9f1308a4b64d708e81e71b0fb94789dafdd24dba6d45f9f98ffff75fc831ad8e58362a408d1d99fd9166154485701896a9b91c,May-18-2023 08:34:13 AM +UTC,150.136.126.109,30303,United States,erigon,go1.20.1,linux-amd64
fc3b6b3d58a6ec06645c49cb0719af0b3cba43eaa66707bd7ad87140563ffed3ea566c52341359029b076d5300d979289c5b878d9c2a8379fe00e6f0f039758d,May-18-2023 08:34:16 AM +UTC,5.161.77.84,30303,Germany,bor,go1.19,linux
3ea02e5c0ca2c8e73c6ad02b86f50f3150f6422a57cc5af0f400a8cb8e1420d0c4d6a5e23b1b9203d47b385e723a15804a6dd81a8f04e9a65bfe08773cbb4df0,May-18-2023 08:34:59 AM +UTC,107.6.94.226,31410,United States,erigon,go1.19.3,linux-amd64
e3189b176663a446ddfa8634b4e87f82205fbc266cbb8095cb2911db260c80d04f1261ef45484d8383aa12f610aaf08797017cfd28d56e6b9e28edcc27b394be,May-18-2023 08:36:30 AM +UTC,35.194.87.240,30303,United States,bor,go1.20,linux-amd64
e100accf39217b9e78f3d76d2c3ca8515f15bbe503886ca52bd053ea87ec5fddac43c7e84e05a5d6ea9982b1f48c041cedf65d6682c702abe5246830b4623e31,May-18-2023 08:36:51 AM +UTC,135.181.110.217,30303,Canada,bor,go1.19,linux-amd64
c7255a160396dffb81728a858d10459a74d5b9d6f35918e0db3e56a4f27f01c0707458a276b0de9b845f287695a814287dfc1aa67ee34bff9f7c90f8d40c1f76,May-18-2023 08:38:48 AM +UTC,5.161.42.60,30303,Germany,bor,go1.19,linux
5a05fb8729f4f87c42bef0507fcd0224d56251a769c7e788e1de0672a4474dd8e1a64effd5b9a6051452890309f04866fa2ea3533236f8e77658003ae9de2ee8,May-18-2023 08:38:57 AM +UTC,5.78.68.206,30303,Iran,,,
d5d2d28da1916787d5bd6f6d5c03bf4a16914136b70377fdaceadcb065845f8645764a8b607ea0d0f31f71d6db55736c64c8b0920004051e868e19c3701aa7a4,May-18-2023 08:40:19 AM +UTC,178.63.14.233,38323,Germany,Efireal,Efireal,
00b81daf3ead285e4382df55907dff4442254c3ee7f826b8a96aabbe208a8bafe43b93bcc091fbde3892ead558f70ff914bc3d8211d68ab5ef11f9aad73ebf2b,May-18-2023 08:41:01 AM +UTC,63.251.106.94,31410,United States,erigon,go1.19,linux-amd64
186ca4b2a502f75becc3c1f10765e2393f3a45fef0d673577d8093ed873fb7f9e68ce28d6ca4e89f546f4ad3cdcc8c399ddbadfe22d82b7706db5836dca94c19,May-18-2023 08:41:54 AM +UTC,65.21.75.50,30303,United States,bor,go1.17.8,linux-amd64
ccd11361ef5f5bd5fe1f6b2f08b88077d412b55b707f569485816408402c7fd8618ea39de2070955b5aab61594c6b69e81fa417ead3b7d9034ff5b5510a7d0e1,May-18-2023 08:42:23 AM +UTC,5.161.178.76,30303,Germany,,,
cdf536a949acef2575e48f4f1a3756ece61408186766cae24103b11c198cc6812022072dfe23ea042837ff07d3469b5a8204611cbe644b64c0c3b87233b02ab9,May-18-2023 08:42:24 AM +UTC,37.19.206.99,30303,Ukraine,bor,go1.20.1,linux-amd64
b3ea36c16be8019df038a253a24ef0b4b125475960a7b3726f8181014a9a0e439bdd82b00f5670a34011729708e7fb42649b553b753e47d32e8c3c75e4827b51,May-18-2023 08:42:50 AM +UTC,5.78.89.205,30303,Iran,,,
bc41f017db2785afc50c1402aafa3a03e78913f2d5f7062c62781e29ae5aee6207676b29bea0a945fb5a0e05771544bf0978713eeee9f64dfe96058836ca2b12,May-18-2023 08:43:34 AM +UTC,139.99.68.171,30303,Singapore,bor,go1.19.7,linux-amd64
89ea5cbcbf8fdf43aa6492747dc9d3309fdb33721e1e2115c17c1aaca80c1822d41ac13a5204db54c8333f16b92b899e2c457747080e470ce8b6fd0d2f33108c,May-18-2023 08:44:37 AM +UTC,162.55.232.52,30303,United States,,,
35e46efb7d026402869b049e3043c0e75c7de7abd3b2dc09599384aaa29d28f28dce5257156fa33eb792dc66c706492a4042d780905a2f3e4570e12d33ecc3d7,May-18-2023 08:44:50 AM +UTC,131.153.174.222,30303,United States,bor,go1.20.2,linux-amd64
3e43ed92b38169acaee97723f1b3d58f955ab3819550eeed7fdd87259c7e97fcfcb0e7c5fb783defc958cd7e14ebb91c01b29e1275627f6d85b076ba0c6e02f6,May-18-2023 08:44:54 AM +UTC,5.161.43.211,30303,Germany,,,
bd65ffbbf2a814b85feaf1223d51c2831a45154e2c5ef18d06a21ca40cac6efcad4bcb0238e0c68f43ec364336ca9a59dc167cfb77f3c3e74974d7e6aed4a461,May-18-2023 08:45:25 AM +UTC,5.9.105.20,30303,Germany,bor,go1.19.1,linux-amd64
0592c59766189cd9c931bf0979ca8e1a059e50dbc964247556635c6715f8131fbf55d9d1e41dabae30c888ddec159256549775151838fd201c1df5987e01145e,May-18-2023 08:45:48 AM +UTC,65.108.120.30,30303,United States,bor,go1.19.5,linux-amd64
550537e53da4ba714c64a5d98be620886cf71e88589246bb62ba3ff048e9930bd99742941d9a83323841479fc8b3a8b93f5aabae03c108ce4b8cf234ef82ed82,May-18-2023 08:45:53 AM +UTC,144.76.108.86,30303,Germany,bor,go1.19.5,linux-amd64
6cdc2e4294e3b5138366c4ca45d0d6fde287ab10a7e8b704290f09413f8043171892291b4a98fce77eb0984194f3d0425673294e1715d4a398f73c1256ae5b59,May-18-2023 08:46:13 AM +UTC,157.90.134.197,30303,United States,bor,go1.19.2,linux-amd64
749f24bf90f3efbe78c04fc66ffddab3022f754a27ed54aafb30d5256ac3856b2cc6b2382bba330f2f5976e1ae3dcc949d69f92662153d00a0a95b777868d760,May-18-2023 08:48:56 AM +UTC,5.161.118.204,30303,Germany,bor,go1.19,linux
427476309c9d9a8f62b4591d9a73306c888fa82ff57c0b82213b746b862896d7d54dda04cb1cbc37cf5aac0fe006d35e9387fcd89fe2826c109af5bf919796dc,May-18-2023 08:52:06 AM +UTC,51.210.209.4,30303,France,,,
0cd7f18c650bd5319936b5039f29b37ae698605e2447c9b5994008c8939f85b9706f99941c17d5343f0ee82ff2d416721e4b4caeeecfb17ed53c74b3a108572d,May-18-2023 08:57:27 AM +UTC,66.18.13.143,30303,United States,bor,go1.19.7,linux-amd64
b42857f6a433cccadbdfd91832d3fb93d32940eec2e7c02238f48bd48da2e2a4daec261cfbf59957479f6d250985383706c8a95762fb5e85344298c83d2bdff0,May-18-2023 08:58:45 AM +UTC,15.235.14.210,30305,United States,erigon,go1.18.1,linux-amd64
c5bc791f4cf869a5e97be7b9f6b50867b31a757a95fd2440611c9df3c9befae792f831653fea5d41ef5e2ffb751c4f45d7d9726e702b4ccd59669c5d0a24b8d3,May-18-2023 08:59:19 AM +UTC,65.109.22.107,20303,United States,erigon,go1.19.7,linux-amd64
c28d60a3c87b4af0bb5e1cce736c1c3a41b49852cf7268092cfd67da04664e68a119ab25f444a31befdd71b3b2f909a1f68f545eb2bac759745ff7e5a001a8f1,May-18-2023 09:00:54 AM +UTC,167.235.186.49,30303,United States,erigon,go1.20.2,linux-amd64
0826dcceb9f96da17250e81db25accbb227ef1b287c3c6502b144a1db297976f8718460b3f2ef0a7380a4e5837c03f2b00401b9651481734cb26f8180e1bff8b,May-18-2023 09:01:11 AM +UTC,74.118.136.76,30303,United States,erigon,go1.20.1,linux-amd64
24cad6080c64b0dd835c09cc0858d711506d7a3e2cde105186f7aed8bc0595f98a47af15cd291363e4e9454a286ea80d8f38c0c64047dcc47ffec54c93621b51,May-18-2023 09:06:31 AM +UTC,139.99.68.142,30303,Singapore,bor,go1.19.7,linux-amd64
8d2c1bed06629791c0dfaf60090fa9433ed8c45a081caae6728895abe6f5fea9cc996da4dfa4c09490cd09a9be88292d86c29e2a6859b15f5bf5d3db7dc8d763,May-18-2023 09:18:49 AM +UTC,208.91.107.164,30303,United States,erigon,go1.20.1,linux-amd64
85796d187605868c0d956bef1decd27a4b1da0b814eb69ee2250bfcdcb6087631e12a245d868bc22e34d94edb8ecd40847f01143d7cd0dbef839e2a158b4d21c,May-18-2023 09:20:38 AM +UTC,93.115.25.190,30304,Lithuania,erigon,go1.20.3,linux-amd64
8a2d887931d937c37715f877528c4881ddf30398bb317204838de9aae014f7b6889fbad932e20633de88e868b2627dcfde32728a9539d98a7d3394ec0241395c,May-18-2023 09:24:00 AM +UTC,5.161.208.54,30303,Germany,,,
0cfee75adbc44e7104f191f4b503c0324d4b509433459ca6464de550bcf2f9e84f9431f30c4e7b03ebb11cca7f69ade8114a2c64bfb033fae6f9e1ef76344175,May-18-2023 09:30:00 AM +UTC,167.235.13.35,30308,United States,erigon,go1.20.2,linux-amd64
f3a11dd5e64e4235400638ad530752e185d61db1d59866d0f19c8001b1c5f145c15dd1044fcfc0540aca4c5649cd57881636bae9b3889b0118563f03cc7bea2e,May-18-2023 09:35:27 AM +UTC,104.251.122.221,31290,United States,bor,go1.20.2,linux-amd64
c31229b76321457f5fff21f55c261cf4dda0fb967d44da0c8d51550eaf0d3999197b44a2496dce93274fa5ee0cd95a5ee21897c026d7219062885948a800f6ab,May-18-2023 09:37:26 AM +UTC,74.118.136.75,30303,United States,erigon,go1.20.1,linux-amd64
cadc7fd6f1245e82171d810081e20d2022d157e18b6f1c2df591ca035a9ab03074167522ca87f342a89d0d79b0f4adf01364af74a716406b8088d250a255f317,May-18-2023 09:38:24 AM +UTC,74.118.136.80,30303,United States,erigon,go1.20.1,linux-amd64
